BlockIO,CPUPerc,Container,ID,MemPerc,MemUsage,Name,NetIO,PIDs,timestamp
15.7MB / 81.9kB,0.00%,18e7ac95a5dd,18e7ac95a5dd,2.85%,449.7MiB / 15.41GiB,rover-ros-gateway,0B / 0B,164,2025-08-14T17:15:40.139741
15.7MB / 81.9kB,0.00%,18e7ac95a5dd,18e7ac95a5dd,2.85%,449.7MiB / 15.41GiB,rover-ros-gateway,0B / 0B,164,2025-08-14T17:15:40.139771
15.7MB / 81.9kB,0.00%,18e7ac95a5dd,18e7ac95a5dd,2.85%,449.7MiB / 15.41GiB,rover-ros-gateway,0B / 0B,164,2025-08-14T17:15:40.639748
15.7MB / 81.9kB,0.00%,18e7ac95a5dd,18e7ac95a5dd,2.85%,449.7MiB / 15.41GiB,rover-ros-gateway,0B / 0B,164,2025-08-14T17:15:40.639773
15.7MB / 81.9kB,4.33%,18e7ac95a5dd,18e7ac95a5dd,2.85%,449.7MiB / 15.41GiB,rover-ros-gateway,0B / 0B,164,2025-08-14T17:15:41.139255
15.7MB / 81.9kB,4.33%,18e7ac95a5dd,18e7ac95a5dd,2.85%,449.7MiB / 15.41GiB,rover-ros-gateway,0B / 0B,164,2025-08-14T17:15:41.139272
15.7MB / 81.9kB,4.33%,18e7ac95a5dd,18e7ac95a5dd,2.85%,449.7MiB / 15.41GiB,rover-ros-gateway,0B / 0B,164,2025-08-14T17:15:41.639950
15.7MB / 81.9kB,4.33%,18e7ac95a5dd,18e7ac95a5dd,2.85%,449.7MiB / 15.41GiB,rover-ros-gateway,0B / 0B,164,2025-08-14T17:15:41.639968
15.7MB / 81.9kB,3.87%,18e7ac95a5dd,18e7ac95a5dd,2.85%,449.7MiB / 15.41GiB,rover-ros-gateway,0B / 0B,164,2025-08-14T17:15:42.139703
15.7MB / 81.9kB,3.87%,18e7ac95a5dd,18e7ac95a5dd,2.85%,449.7MiB / 15.41GiB,rover-ros-gateway,0B / 0B,164,2025-08-14T17:15:42.139729
15.7MB / 81.9kB,3.87%,18e7ac95a5dd,18e7ac95a5dd,2.85%,449.7MiB / 15.41GiB,rover-ros-gateway,0B / 0B,164,2025-08-14T17:15:42.639021
15.7MB / 81.9kB,3.87%,18e7ac95a5dd,18e7ac95a5dd,2.85%,449.7MiB / 15.41GiB,rover-ros-gateway,0B / 0B,164,2025-08-14T17:15:42.639039
15.7MB / 81.9kB,3.70%,18e7ac95a5dd,18e7ac95a5dd,2.85%,449.7MiB / 15.41GiB,rover-ros-gateway,0B / 0B,164,2025-08-14T17:15:43.139662
15.7MB / 81.9kB,3.70%,18e7ac95a5dd,18e7ac95a5dd,2.85%,449.7MiB / 15.41GiB,rover-ros-gateway,0B / 0B,164,2025-08-14T17:15:43.139680
15.7MB / 81.9kB,3.70%,18e7ac95a5dd,18e7ac95a5dd,2.85%,449.7MiB / 15.41GiB,rover-ros-gateway,0B / 0B,164,2025-08-14T17:15:43.639158
15.7MB / 81.9kB,3.70%,18e7ac95a5dd,18e7ac95a5dd,2.85%,449.7MiB / 15.41GiB,rover-ros-gateway,0B / 0B,164,2025-08-14T17:15:43.639182
15.7MB / 81.9kB,4.71%,18e7ac95a5dd,18e7ac95a5dd,2.85%,449.7MiB / 15.41GiB,rover-ros-gateway,0B / 0B,164,2025-08-14T17:15:44.139673
15.7MB / 81.9kB,4.71%,18e7ac95a5dd,18e7ac95a5dd,2.85%,449.7MiB / 15.41GiB,rover-ros-gateway,0B / 0B,164,2025-08-14T17:15:44.139709
15.7MB / 81.9kB,4.71%,18e7ac95a5dd,18e7ac95a5dd,2.85%,449.7MiB / 15.41GiB,rover-ros-gateway,0B / 0B,164,2025-08-14T17:15:44.639086
15.7MB / 81.9kB,4.71%,18e7ac95a5dd,18e7ac95a5dd,2.85%,449.7MiB / 15.41GiB,rover-ros-gateway,0B / 0B,164,2025-08-14T17:15:44.639113
15.7MB / 81.9kB,4.52%,18e7ac95a5dd,18e7ac95a5dd,2.85%,449.7MiB / 15.41GiB,rover-ros-gateway,0B / 0B,164,2025-08-14T17:15:45.139428
15.7MB / 81.9kB,4.52%,18e7ac95a5dd,18e7ac95a5dd,2.85%,449.7MiB / 15.41GiB,rover-ros-gateway,0B / 0B,164,2025-08-14T17:15:45.139444
15.7MB / 81.9kB,4.52%,18e7ac95a5dd,18e7ac95a5dd,2.85%,449.7MiB / 15.41GiB,rover-ros-gateway,0B / 0B,164,2025-08-14T17:15:45.639039
15.7MB / 81.9kB,4.52%,18e7ac95a5dd,18e7ac95a5dd,2.85%,449.7MiB / 15.41GiB,rover-ros-gateway,0B / 0B,164,2025-08-14T17:15:45.639056
15.7MB / 81.9kB,4.06%,18e7ac95a5dd,18e7ac95a5dd,2.85%,449.7MiB / 15.41GiB,rover-ros-gateway,0B / 0B,164,2025-08-14T17:15:46.139676
15.7MB / 81.9kB,4.06%,18e7ac95a5dd,18e7ac95a5dd,2.85%,449.7MiB / 15.41GiB,rover-ros-gateway,0B / 0B,164,2025-08-14T17:15:46.139698
15.7MB / 81.9kB,4.06%,18e7ac95a5dd,18e7ac95a5dd,2.85%,449.7MiB / 15.41GiB,rover-ros-gateway,0B / 0B,164,2025-08-14T17:15:46.639318
15.7MB / 81.9kB,4.06%,18e7ac95a5dd,18e7ac95a5dd,2.85%,449.7MiB / 15.41GiB,rover-ros-gateway,0B / 0B,164,2025-08-14T17:15:46.639340
15.7MB / 81.9kB,4.72%,18e7ac95a5dd,18e7ac95a5dd,2.85%,449.7MiB / 15.41GiB,rover-ros-gateway,0B / 0B,164,2025-08-14T17:15:47.139064
15.7MB / 81.9kB,4.72%,18e7ac95a5dd,18e7ac95a5dd,2.85%,449.7MiB / 15.41GiB,rover-ros-gateway,0B / 0B,164,2025-08-14T17:15:47.139081
15.7MB / 81.9kB,4.72%,18e7ac95a5dd,18e7ac95a5dd,2.85%,449.7MiB / 15.41GiB,rover-ros-gateway,0B / 0B,164,2025-08-14T17:15:47.639578
15.7MB / 81.9kB,4.72%,18e7ac95a5dd,18e7ac95a5dd,2.85%,449.7MiB / 15.41GiB,rover-ros-gateway,0B / 0B,164,2025-08-14T17:15:47.639596
15.7MB / 81.9kB,3.97%,18e7ac95a5dd,18e7ac95a5dd,2.85%,449.7MiB / 15.41GiB,rover-ros-gateway,0B / 0B,164,2025-08-14T17:15:48.139198
15.7MB / 81.9kB,3.97%,18e7ac95a5dd,18e7ac95a5dd,2.85%,449.7MiB / 15.41GiB,rover-ros-gateway,0B / 0B,164,2025-08-14T17:15:48.139216
15.7MB / 81.9kB,3.97%,18e7ac95a5dd,18e7ac95a5dd,2.85%,449.7MiB / 15.41GiB,rover-ros-gateway,0B / 0B,164,2025-08-14T17:15:48.639791
15.7MB / 81.9kB,3.97%,18e7ac95a5dd,18e7ac95a5dd,2.85%,449.7MiB / 15.41GiB,rover-ros-gateway,0B / 0B,164,2025-08-14T17:15:48.639807
15.7MB / 81.9kB,4.71%,18e7ac95a5dd,18e7ac95a5dd,2.85%,449.7MiB / 15.41GiB,rover-ros-gateway,0B / 0B,164,2025-08-14T17:15:49.139672
15.7MB / 81.9kB,4.71%,18e7ac95a5dd,18e7ac95a5dd,2.85%,449.7MiB / 15.41GiB,rover-ros-gateway,0B / 0B,164,2025-08-14T17:15:49.139690
15.7MB / 81.9kB,4.71%,18e7ac95a5dd,18e7ac95a5dd,2.85%,449.7MiB / 15.41GiB,rover-ros-gateway,0B / 0B,164,2025-08-14T17:15:49.639308
15.7MB / 81.9kB,4.71%,18e7ac95a5dd,18e7ac95a5dd,2.85%,449.7MiB / 15.41GiB,rover-ros-gateway,0B / 0B,164,2025-08-14T17:15:49.639328
15.7MB / 81.9kB,5.13%,18e7ac95a5dd,18e7ac95a5dd,2.85%,449.7MiB / 15.41GiB,rover-ros-gateway,0B / 0B,164,2025-08-14T17:15:50.139619
15.7MB / 81.9kB,5.13%,18e7ac95a5dd,18e7ac95a5dd,2.85%,449.7MiB / 15.41GiB,rover-ros-gateway,0B / 0B,164,2025-08-14T17:15:50.139639
15.7MB / 81.9kB,5.13%,18e7ac95a5dd,18e7ac95a5dd,2.85%,449.7MiB / 15.41GiB,rover-ros-gateway,0B / 0B,164,2025-08-14T17:15:50.639158
15.7MB / 81.9kB,5.13%,18e7ac95a5dd,18e7ac95a5dd,2.85%,449.7MiB / 15.41GiB,rover-ros-gateway,0B / 0B,164,2025-08-14T17:15:50.639176
15.7MB / 81.9kB,5.70%,18e7ac95a5dd,18e7ac95a5dd,2.85%,449.7MiB / 15.41GiB,rover-ros-gateway,0B / 0B,164,2025-08-14T17:15:51.139498
15.7MB / 81.9kB,5.70%,18e7ac95a5dd,18e7ac95a5dd,2.85%,449.7MiB / 15.41GiB,rover-ros-gateway,0B / 0B,164,2025-08-14T17:15:51.139516
15.7MB / 81.9kB,5.70%,18e7ac95a5dd,18e7ac95a5dd,2.85%,449.7MiB / 15.41GiB,rover-ros-gateway,0B / 0B,164,2025-08-14T17:15:51.639018
15.7MB / 81.9kB,5.70%,18e7ac95a5dd,18e7ac95a5dd,2.85%,449.7MiB / 15.41GiB,rover-ros-gateway,0B / 0B,164,2025-08-14T17:15:51.639036
15.7MB / 81.9kB,4.52%,18e7ac95a5dd,18e7ac95a5dd,2.85%,449.7MiB / 15.41GiB,rover-ros-gateway,0B / 0B,164,2025-08-14T17:15:52.139247
15.7MB / 81.9kB,4.52%,18e7ac95a5dd,18e7ac95a5dd,2.85%,449.7MiB / 15.41GiB,rover-ros-gateway,0B / 0B,164,2025-08-14T17:15:52.139270
15.7MB / 81.9kB,4.52%,18e7ac95a5dd,18e7ac95a5dd,2.85%,449.7MiB / 15.41GiB,rover-ros-gateway,0B / 0B,164,2025-08-14T17:15:52.639623
15.7MB / 81.9kB,4.52%,18e7ac95a5dd,18e7ac95a5dd,2.85%,449.7MiB / 15.41GiB,rover-ros-gateway,0B / 0B,164,2025-08-14T17:15:52.639641
15.7MB / 81.9kB,3.48%,18e7ac95a5dd,18e7ac95a5dd,2.85%,449.7MiB / 15.41GiB,rover-ros-gateway,0B / 0B,164,2025-08-14T17:15:53.139192
15.7MB / 81.9kB,3.48%,18e7ac95a5dd,18e7ac95a5dd,2.85%,449.7MiB / 15.41GiB,rover-ros-gateway,0B / 0B,164,2025-08-14T17:15:53.139210
15.7MB / 81.9kB,3.48%,18e7ac95a5dd,18e7ac95a5dd,2.85%,449.7MiB / 15.41GiB,rover-ros-gateway,0B / 0B,164,2025-08-14T17:15:53.639649
15.7MB / 81.9kB,3.48%,18e7ac95a5dd,18e7ac95a5dd,2.85%,449.7MiB / 15.41GiB,rover-ros-gateway,0B / 0B,164,2025-08-14T17:15:53.639667
15.7MB / 81.9kB,4.23%,18e7ac95a5dd,18e7ac95a5dd,2.85%,449.7MiB / 15.41GiB,rover-ros-gateway,0B / 0B,164,2025-08-14T17:15:54.139098
15.7MB / 81.9kB,4.23%,18e7ac95a5dd,18e7ac95a5dd,2.85%,449.7MiB / 15.41GiB,rover-ros-gateway,0B / 0B,164,2025-08-14T17:15:54.139116
15.7MB / 81.9kB,4.23%,18e7ac95a5dd,18e7ac95a5dd,2.85%,449.7MiB / 15.41GiB,rover-ros-gateway,0B / 0B,164,2025-08-14T17:15:54.639752
15.7MB / 81.9kB,4.23%,18e7ac95a5dd,18e7ac95a5dd,2.85%,449.7MiB / 15.41GiB,rover-ros-gateway,0B / 0B,164,2025-08-14T17:15:54.639771
15.7MB / 81.9kB,3.49%,18e7ac95a5dd,18e7ac95a5dd,2.85%,449.7MiB / 15.41GiB,rover-ros-gateway,0B / 0B,164,2025-08-14T17:15:55.139621
15.7MB / 81.9kB,3.49%,18e7ac95a5dd,18e7ac95a5dd,2.85%,449.7MiB / 15.41GiB,rover-ros-gateway,0B / 0B,164,2025-08-14T17:15:55.139640
15.7MB / 81.9kB,3.49%,18e7ac95a5dd,18e7ac95a5dd,2.85%,449.7MiB / 15.41GiB,rover-ros-gateway,0B / 0B,164,2025-08-14T17:15:55.639302
15.7MB / 81.9kB,3.49%,18e7ac95a5dd,18e7ac95a5dd,2.85%,449.7MiB / 15.41GiB,rover-ros-gateway,0B / 0B,164,2025-08-14T17:15:55.639346
15.7MB / 81.9kB,3.59%,18e7ac95a5dd,18e7ac95a5dd,2.85%,449.7MiB / 15.41GiB,rover-ros-gateway,0B / 0B,164,2025-08-14T17:15:56.139061
15.7MB / 81.9kB,3.59%,18e7ac95a5dd,18e7ac95a5dd,2.85%,449.7MiB / 15.41GiB,rover-ros-gateway,0B / 0B,164,2025-08-14T17:15:56.139087
15.7MB / 81.9kB,3.59%,18e7ac95a5dd,18e7ac95a5dd,2.85%,449.7MiB / 15.41GiB,rover-ros-gateway,0B / 0B,164,2025-08-14T17:15:56.639674
15.7MB / 81.9kB,3.59%,18e7ac95a5dd,18e7ac95a5dd,2.85%,449.7MiB / 15.41GiB,rover-ros-gateway,0B / 0B,164,2025-08-14T17:15:56.639691
15.7MB / 81.9kB,4.37%,18e7ac95a5dd,18e7ac95a5dd,2.85%,449.7MiB / 15.41GiB,rover-ros-gateway,0B / 0B,164,2025-08-14T17:15:57.139645
15.7MB / 81.9kB,4.37%,18e7ac95a5dd,18e7ac95a5dd,2.85%,449.7MiB / 15.41GiB,rover-ros-gateway,0B / 0B,164,2025-08-14T17:15:57.139665
15.7MB / 81.9kB,4.37%,18e7ac95a5dd,18e7ac95a5dd,2.85%,449.7MiB / 15.41GiB,rover-ros-gateway,0B / 0B,164,2025-08-14T17:15:57.639106
15.7MB / 81.9kB,4.37%,18e7ac95a5dd,18e7ac95a5dd,2.85%,449.7MiB / 15.41GiB,rover-ros-gateway,0B / 0B,164,2025-08-14T17:15:57.639132
15.7MB / 81.9kB,4.11%,18e7ac95a5dd,18e7ac95a5dd,2.85%,449.7MiB / 15.41GiB,rover-ros-gateway,0B / 0B,164,2025-08-14T17:15:58.139148
15.7MB / 81.9kB,4.11%,18e7ac95a5dd,18e7ac95a5dd,2.85%,449.7MiB / 15.41GiB,rover-ros-gateway,0B / 0B,164,2025-08-14T17:15:58.139166
15.7MB / 81.9kB,4.11%,18e7ac95a5dd,18e7ac95a5dd,2.85%,449.7MiB / 15.41GiB,rover-ros-gateway,0B / 0B,164,2025-08-14T17:15:58.639680
15.7MB / 81.9kB,4.11%,18e7ac95a5dd,18e7ac95a5dd,2.85%,449.7MiB / 15.41GiB,rover-ros-gateway,0B / 0B,164,2025-08-14T17:15:58.639701
15.7MB / 81.9kB,4.93%,18e7ac95a5dd,18e7ac95a5dd,2.85%,449.7MiB / 15.41GiB,rover-ros-gateway,0B / 0B,164,2025-08-14T17:15:59.139446
15.7MB / 81.9kB,4.93%,18e7ac95a5dd,18e7ac95a5dd,2.85%,449.7MiB / 15.41GiB,rover-ros-gateway,0B / 0B,164,2025-08-14T17:15:59.139464
15.7MB / 81.9kB,4.93%,18e7ac95a5dd,18e7ac95a5dd,2.85%,449.7MiB / 15.41GiB,rover-ros-gateway,0B / 0B,164,2025-08-14T17:15:59.639001
15.7MB / 81.9kB,4.93%,18e7ac95a5dd,18e7ac95a5dd,2.85%,449.7MiB / 15.41GiB,rover-ros-gateway,0B / 0B,164,2025-08-14T17:15:59.639026
15.7MB / 81.9kB,5.09%,18e7ac95a5dd,18e7ac95a5dd,2.85%,449.7MiB / 15.41GiB,rover-ros-gateway,0B / 0B,164,2025-08-14T17:16:00.139509
15.7MB / 81.9kB,5.09%,18e7ac95a5dd,18e7ac95a5dd,2.85%,449.7MiB / 15.41GiB,rover-ros-gateway,0B / 0B,164,2025-08-14T17:16:00.139527
15.7MB / 81.9kB,5.09%,18e7ac95a5dd,18e7ac95a5dd,2.85%,449.7MiB / 15.41GiB,rover-ros-gateway,0B / 0B,164,2025-08-14T17:16:00.639079
15.7MB / 81.9kB,5.09%,18e7ac95a5dd,18e7ac95a5dd,2.85%,449.7MiB / 15.41GiB,rover-ros-gateway,0B / 0B,164,2025-08-14T17:16:00.639100
15.7MB / 81.9kB,3.52%,18e7ac95a5dd,18e7ac95a5dd,2.85%,449.7MiB / 15.41GiB,rover-ros-gateway,0B / 0B,164,2025-08-14T17:16:01.139674
15.7MB / 81.9kB,3.52%,18e7ac95a5dd,18e7ac95a5dd,2.85%,449.7MiB / 15.41GiB,rover-ros-gateway,0B / 0B,164,2025-08-14T17:16:01.139691
15.7MB / 81.9kB,3.52%,18e7ac95a5dd,18e7ac95a5dd,2.85%,449.7MiB / 15.41GiB,rover-ros-gateway,0B / 0B,164,2025-08-14T17:16:01.638963
15.7MB / 81.9kB,3.52%,18e7ac95a5dd,18e7ac95a5dd,2.85%,449.7MiB / 15.41GiB,rover-ros-gateway,0B / 0B,164,2025-08-14T17:16:01.638991
15.7MB / 81.9kB,4.01%,18e7ac95a5dd,18e7ac95a5dd,2.85%,449.7MiB / 15.41GiB,rover-ros-gateway,0B / 0B,164,2025-08-14T17:16:02.139764
15.7MB / 81.9kB,4.01%,18e7ac95a5dd,18e7ac95a5dd,2.85%,449.7MiB / 15.41GiB,rover-ros-gateway,0B / 0B,164,2025-08-14T17:16:02.139782
15.7MB / 81.9kB,4.01%,18e7ac95a5dd,18e7ac95a5dd,2.85%,449.7MiB / 15.41GiB,rover-ros-gateway,0B / 0B,164,2025-08-14T17:16:02.639134
15.7MB / 81.9kB,4.01%,18e7ac95a5dd,18e7ac95a5dd,2.85%,449.7MiB / 15.41GiB,rover-ros-gateway,0B / 0B,164,2025-08-14T17:16:02.639152
15.7MB / 81.9kB,4.27%,18e7ac95a5dd,18e7ac95a5dd,2.85%,449.7MiB / 15.41GiB,rover-ros-gateway,0B / 0B,164,2025-08-14T17:16:03.139676
15.7MB / 81.9kB,4.27%,18e7ac95a5dd,18e7ac95a5dd,2.85%,449.7MiB / 15.41GiB,rover-ros-gateway,0B / 0B,164,2025-08-14T17:16:03.139695
15.7MB / 81.9kB,4.27%,18e7ac95a5dd,18e7ac95a5dd,2.85%,449.7MiB / 15.41GiB,rover-ros-gateway,0B / 0B,164,2025-08-14T17:16:03.639249
15.7MB / 81.9kB,4.27%,18e7ac95a5dd,18e7ac95a5dd,2.85%,449.7MiB / 15.41GiB,rover-ros-gateway,0B / 0B,164,2025-08-14T17:16:03.639278
15.7MB / 81.9kB,4.51%,18e7ac95a5dd,18e7ac95a5dd,2.85%,449.7MiB / 15.41GiB,rover-ros-gateway,0B / 0B,164,2025-08-14T17:16:04.139735
15.7MB / 81.9kB,4.51%,18e7ac95a5dd,18e7ac95a5dd,2.85%,449.7MiB / 15.41GiB,rover-ros-gateway,0B / 0B,164,2025-08-14T17:16:04.139758
15.7MB / 81.9kB,4.51%,18e7ac95a5dd,18e7ac95a5dd,2.85%,449.7MiB / 15.41GiB,rover-ros-gateway,0B / 0B,164,2025-08-14T17:16:04.639451
15.7MB / 81.9kB,4.51%,18e7ac95a5dd,18e7ac95a5dd,2.85%,449.7MiB / 15.41GiB,rover-ros-gateway,0B / 0B,164,2025-08-14T17:16:04.639469
15.7MB / 81.9kB,3.81%,18e7ac95a5dd,18e7ac95a5dd,2.85%,449.7MiB / 15.41GiB,rover-ros-gateway,0B / 0B,164,2025-08-14T17:16:05.139063
15.7MB / 81.9kB,3.81%,18e7ac95a5dd,18e7ac95a5dd,2.85%,449.7MiB / 15.41GiB,rover-ros-gateway,0B / 0B,164,2025-08-14T17:16:05.139082
15.7MB / 81.9kB,3.81%,18e7ac95a5dd,18e7ac95a5dd,2.85%,449.7MiB / 15.41GiB,rover-ros-gateway,0B / 0B,164,2025-08-14T17:16:05.639598
15.7MB / 81.9kB,3.81%,18e7ac95a5dd,18e7ac95a5dd,2.85%,449.7MiB / 15.41GiB,rover-ros-gateway,0B / 0B,164,2025-08-14T17:16:05.639617
15.7MB / 81.9kB,4.02%,18e7ac95a5dd,18e7ac95a5dd,2.85%,449.7MiB / 15.41GiB,rover-ros-gateway,0B / 0B,164,2025-08-14T17:16:06.139651
15.7MB / 81.9kB,4.02%,18e7ac95a5dd,18e7ac95a5dd,2.85%,449.7MiB / 15.41GiB,rover-ros-gateway,0B / 0B,164,2025-08-14T17:16:06.139669
15.7MB / 81.9kB,4.02%,18e7ac95a5dd,18e7ac95a5dd,2.85%,449.7MiB / 15.41GiB,rover-ros-gateway,0B / 0B,164,2025-08-14T17:16:06.639034
15.7MB / 81.9kB,4.02%,18e7ac95a5dd,18e7ac95a5dd,2.85%,449.7MiB / 15.41GiB,rover-ros-gateway,0B / 0B,164,2025-08-14T17:16:06.639062
15.7MB / 81.9kB,3.52%,18e7ac95a5dd,18e7ac95a5dd,2.85%,449.7MiB / 15.41GiB,rover-ros-gateway,0B / 0B,164,2025-08-14T17:16:07.139645
15.7MB / 81.9kB,3.52%,18e7ac95a5dd,18e7ac95a5dd,2.85%,449.7MiB / 15.41GiB,rover-ros-gateway,0B / 0B,164,2025-08-14T17:16:07.139663
15.7MB / 81.9kB,3.52%,18e7ac95a5dd,18e7ac95a5dd,2.85%,449.7MiB / 15.41GiB,rover-ros-gateway,0B / 0B,164,2025-08-14T17:16:07.639204
15.7MB / 81.9kB,3.52%,18e7ac95a5dd,18e7ac95a5dd,2.85%,449.7MiB / 15.41GiB,rover-ros-gateway,0B / 0B,164,2025-08-14T17:16:07.639222
15.7MB / 81.9kB,3.66%,18e7ac95a5dd,18e7ac95a5dd,2.85%,449.7MiB / 15.41GiB,rover-ros-gateway,0B / 0B,164,2025-08-14T17:16:08.139066
15.7MB / 81.9kB,3.66%,18e7ac95a5dd,18e7ac95a5dd,2.85%,449.7MiB / 15.41GiB,rover-ros-gateway,0B / 0B,164,2025-08-14T17:16:08.139085
15.7MB / 81.9kB,3.66%,18e7ac95a5dd,18e7ac95a5dd,2.85%,449.7MiB / 15.41GiB,rover-ros-gateway,0B / 0B,164,2025-08-14T17:16:08.639616
15.7MB / 81.9kB,3.66%,18e7ac95a5dd,18e7ac95a5dd,2.85%,449.7MiB / 15.41GiB,rover-ros-gateway,0B / 0B,164,2025-08-14T17:16:08.639640
15.7MB / 81.9kB,4.25%,18e7ac95a5dd,18e7ac95a5dd,2.85%,449.7MiB / 15.41GiB,rover-ros-gateway,0B / 0B,164,2025-08-14T17:16:09.139116
15.7MB / 81.9kB,4.25%,18e7ac95a5dd,18e7ac95a5dd,2.85%,449.7MiB / 15.41GiB,rover-ros-gateway,0B / 0B,164,2025-08-14T17:16:09.139147
15.7MB / 81.9kB,4.25%,18e7ac95a5dd,18e7ac95a5dd,2.85%,449.7MiB / 15.41GiB,rover-ros-gateway,0B / 0B,164,2025-08-14T17:16:09.639179
15.7MB / 81.9kB,4.25%,18e7ac95a5dd,18e7ac95a5dd,2.85%,449.7MiB / 15.41GiB,rover-ros-gateway,0B / 0B,164,2025-08-14T17:16:09.639196
15.7MB / 81.9kB,3.21%,18e7ac95a5dd,18e7ac95a5dd,2.85%,449.7MiB / 15.41GiB,rover-ros-gateway,0B / 0B,164,2025-08-14T17:16:10.139193
15.7MB / 81.9kB,3.21%,18e7ac95a5dd,18e7ac95a5dd,2.85%,449.7MiB / 15.41GiB,rover-ros-gateway,0B / 0B,164,2025-08-14T17:16:10.139214
15.7MB / 81.9kB,3.21%,18e7ac95a5dd,18e7ac95a5dd,2.85%,449.7MiB / 15.41GiB,rover-ros-gateway,0B / 0B,164,2025-08-14T17:16:10.639998
15.7MB / 81.9kB,3.21%,18e7ac95a5dd,18e7ac95a5dd,2.85%,449.7MiB / 15.41GiB,rover-ros-gateway,0B / 0B,164,2025-08-14T17:16:10.640017
15.7MB / 81.9kB,3.95%,18e7ac95a5dd,18e7ac95a5dd,2.85%,449.7MiB / 15.41GiB,rover-ros-gateway,0B / 0B,164,2025-08-14T17:16:11.139051
15.7MB / 81.9kB,3.95%,18e7ac95a5dd,18e7ac95a5dd,2.85%,449.7MiB / 15.41GiB,rover-ros-gateway,0B / 0B,164,2025-08-14T17:16:11.139079
15.7MB / 81.9kB,3.95%,18e7ac95a5dd,18e7ac95a5dd,2.85%,449.7MiB / 15.41GiB,rover-ros-gateway,0B / 0B,164,2025-08-14T17:16:11.639621
15.7MB / 81.9kB,3.95%,18e7ac95a5dd,18e7ac95a5dd,2.85%,449.7MiB / 15.41GiB,rover-ros-gateway,0B / 0B,164,2025-08-14T17:16:11.639641
15.7MB / 81.9kB,5.75%,18e7ac95a5dd,18e7ac95a5dd,2.85%,449.7MiB / 15.41GiB,rover-ros-gateway,0B / 0B,164,2025-08-14T17:16:12.139374
15.7MB / 81.9kB,5.75%,18e7ac95a5dd,18e7ac95a5dd,2.85%,449.7MiB / 15.41GiB,rover-ros-gateway,0B / 0B,164,2025-08-14T17:16:12.139393
15.7MB / 81.9kB,5.75%,18e7ac95a5dd,18e7ac95a5dd,2.85%,449.7MiB / 15.41GiB,rover-ros-gateway,0B / 0B,164,2025-08-14T17:16:12.638957
15.7MB / 81.9kB,5.75%,18e7ac95a5dd,18e7ac95a5dd,2.85%,449.7MiB / 15.41GiB,rover-ros-gateway,0B / 0B,164,2025-08-14T17:16:12.638974
15.7MB / 81.9kB,4.80%,18e7ac95a5dd,18e7ac95a5dd,2.85%,449.7MiB / 15.41GiB,rover-ros-gateway,0B / 0B,164,2025-08-14T17:16:13.139629
15.7MB / 81.9kB,4.80%,18e7ac95a5dd,18e7ac95a5dd,2.85%,449.7MiB / 15.41GiB,rover-ros-gateway,0B / 0B,164,2025-08-14T17:16:13.139654
15.7MB / 81.9kB,4.80%,18e7ac95a5dd,18e7ac95a5dd,2.85%,449.7MiB / 15.41GiB,rover-ros-gateway,0B / 0B,164,2025-08-14T17:16:13.639163
15.7MB / 81.9kB,4.80%,18e7ac95a5dd,18e7ac95a5dd,2.85%,449.7MiB / 15.41GiB,rover-ros-gateway,0B / 0B,164,2025-08-14T17:16:13.639180
15.7MB / 81.9kB,4.49%,18e7ac95a5dd,18e7ac95a5dd,2.85%,449.7MiB / 15.41GiB,rover-ros-gateway,0B / 0B,164,2025-08-14T17:16:14.139752
15.7MB / 81.9kB,4.49%,18e7ac95a5dd,18e7ac95a5dd,2.85%,449.7MiB / 15.41GiB,rover-ros-gateway,0B / 0B,164,2025-08-14T17:16:14.139769
15.7MB / 81.9kB,4.49%,18e7ac95a5dd,18e7ac95a5dd,2.85%,449.7MiB / 15.41GiB,rover-ros-gateway,0B / 0B,164,2025-08-14T17:16:14.638986
15.7MB / 81.9kB,4.49%,18e7ac95a5dd,18e7ac95a5dd,2.85%,449.7MiB / 15.41GiB,rover-ros-gateway,0B / 0B,164,2025-08-14T17:16:14.639003
15.7MB / 81.9kB,3.51%,18e7ac95a5dd,18e7ac95a5dd,2.85%,449.7MiB / 15.41GiB,rover-ros-gateway,0B / 0B,164,2025-08-14T17:16:15.139559
15.7MB / 81.9kB,3.51%,18e7ac95a5dd,18e7ac95a5dd,2.85%,449.7MiB / 15.41GiB,rover-ros-gateway,0B / 0B,164,2025-08-14T17:16:15.139584
15.7MB / 81.9kB,3.51%,18e7ac95a5dd,18e7ac95a5dd,2.85%,449.7MiB / 15.41GiB,rover-ros-gateway,0B / 0B,164,2025-08-14T17:16:15.639128
15.7MB / 81.9kB,3.51%,18e7ac95a5dd,18e7ac95a5dd,2.85%,449.7MiB / 15.41GiB,rover-ros-gateway,0B / 0B,164,2025-08-14T17:16:15.639145
15.7MB / 81.9kB,3.51%,18e7ac95a5dd,18e7ac95a5dd,2.85%,449.7MiB / 15.41GiB,rover-ros-gateway,0B / 0B,164,2025-08-14T17:16:16.139437
15.7MB / 81.9kB,3.51%,18e7ac95a5dd,18e7ac95a5dd,2.85%,449.7MiB / 15.41GiB,rover-ros-gateway,0B / 0B,164,2025-08-14T17:16:16.139454
15.7MB / 81.9kB,3.51%,18e7ac95a5dd,18e7ac95a5dd,2.85%,449.7MiB / 15.41GiB,rover-ros-gateway,0B / 0B,164,2025-08-14T17:16:16.639073
15.7MB / 81.9kB,3.51%,18e7ac95a5dd,18e7ac95a5dd,2.85%,449.7MiB / 15.41GiB,rover-ros-gateway,0B / 0B,164,2025-08-14T17:16:16.639100
15.7MB / 81.9kB,3.93%,18e7ac95a5dd,18e7ac95a5dd,2.85%,449.7MiB / 15.41GiB,rover-ros-gateway,0B / 0B,164,2025-08-14T17:16:17.139023
15.7MB / 81.9kB,3.93%,18e7ac95a5dd,18e7ac95a5dd,2.85%,449.7MiB / 15.41GiB,rover-ros-gateway,0B / 0B,164,2025-08-14T17:16:17.139043
15.7MB / 81.9kB,3.93%,18e7ac95a5dd,18e7ac95a5dd,2.85%,449.7MiB / 15.41GiB,rover-ros-gateway,0B / 0B,164,2025-08-14T17:16:17.639568
15.7MB / 81.9kB,3.93%,18e7ac95a5dd,18e7ac95a5dd,2.85%,449.7MiB / 15.41GiB,rover-ros-gateway,0B / 0B,164,2025-08-14T17:16:17.639588
15.7MB / 81.9kB,3.91%,18e7ac95a5dd,18e7ac95a5dd,2.85%,449.7MiB / 15.41GiB,rover-ros-gateway,0B / 0B,164,2025-08-14T17:16:18.139584
15.7MB / 81.9kB,3.91%,18e7ac95a5dd,18e7ac95a5dd,2.85%,449.7MiB / 15.41GiB,rover-ros-gateway,0B / 0B,164,2025-08-14T17:16:18.139611
15.7MB / 81.9kB,3.91%,18e7ac95a5dd,18e7ac95a5dd,2.85%,449.7MiB / 15.41GiB,rover-ros-gateway,0B / 0B,164,2025-08-14T17:16:18.639144
15.7MB / 81.9kB,3.91%,18e7ac95a5dd,18e7ac95a5dd,2.85%,449.7MiB / 15.41GiB,rover-ros-gateway,0B / 0B,164,2025-08-14T17:16:18.639171
15.7MB / 81.9kB,4.71%,18e7ac95a5dd,18e7ac95a5dd,2.85%,449.7MiB / 15.41GiB,rover-ros-gateway,0B / 0B,164,2025-08-14T17:16:19.139096
15.7MB / 81.9kB,4.71%,18e7ac95a5dd,18e7ac95a5dd,2.85%,449.7MiB / 15.41GiB,rover-ros-gateway,0B / 0B,164,2025-08-14T17:16:19.139125
15.7MB / 81.9kB,4.71%,18e7ac95a5dd,18e7ac95a5dd,2.85%,449.7MiB / 15.41GiB,rover-ros-gateway,0B / 0B,164,2025-08-14T17:16:19.639672
15.7MB / 81.9kB,4.71%,18e7ac95a5dd,18e7ac95a5dd,2.85%,449.7MiB / 15.41GiB,rover-ros-gateway,0B / 0B,164,2025-08-14T17:16:19.639696
15.7MB / 81.9kB,3.75%,18e7ac95a5dd,18e7ac95a5dd,2.85%,449.7MiB / 15.41GiB,rover-ros-gateway,0B / 0B,164,2025-08-14T17:16:20.139126
15.7MB / 81.9kB,3.75%,18e7ac95a5dd,18e7ac95a5dd,2.85%,449.7MiB / 15.41GiB,rover-ros-gateway,0B / 0B,164,2025-08-14T17:16:20.139161
15.7MB / 81.9kB,3.75%,18e7ac95a5dd,18e7ac95a5dd,2.85%,449.7MiB / 15.41GiB,rover-ros-gateway,0B / 0B,164,2025-08-14T17:16:20.639364
15.7MB / 81.9kB,3.75%,18e7ac95a5dd,18e7ac95a5dd,2.85%,449.7MiB / 15.41GiB,rover-ros-gateway,0B / 0B,164,2025-08-14T17:16:20.639391
15.7MB / 81.9kB,3.48%,18e7ac95a5dd,18e7ac95a5dd,2.85%,449.7MiB / 15.41GiB,rover-ros-gateway,0B / 0B,164,2025-08-14T17:16:21.139067
15.7MB / 81.9kB,3.48%,18e7ac95a5dd,18e7ac95a5dd,2.85%,449.7MiB / 15.41GiB,rover-ros-gateway,0B / 0B,164,2025-08-14T17:16:21.139085
15.7MB / 81.9kB,3.48%,18e7ac95a5dd,18e7ac95a5dd,2.85%,449.7MiB / 15.41GiB,rover-ros-gateway,0B / 0B,164,2025-08-14T17:16:21.639645
15.7MB / 81.9kB,3.48%,18e7ac95a5dd,18e7ac95a5dd,2.85%,449.7MiB / 15.41GiB,rover-ros-gateway,0B / 0B,164,2025-08-14T17:16:21.639663
15.7MB / 81.9kB,3.44%,18e7ac95a5dd,18e7ac95a5dd,2.85%,449.7MiB / 15.41GiB,rover-ros-gateway,0B / 0B,164,2025-08-14T17:16:22.139146
15.7MB / 81.9kB,3.44%,18e7ac95a5dd,18e7ac95a5dd,2.85%,449.7MiB / 15.41GiB,rover-ros-gateway,0B / 0B,164,2025-08-14T17:16:22.139164
15.7MB / 81.9kB,3.44%,18e7ac95a5dd,18e7ac95a5dd,2.85%,449.7MiB / 15.41GiB,rover-ros-gateway,0B / 0B,164,2025-08-14T17:16:22.639573
15.7MB / 81.9kB,3.44%,18e7ac95a5dd,18e7ac95a5dd,2.85%,449.7MiB / 15.41GiB,rover-ros-gateway,0B / 0B,164,2025-08-14T17:16:22.639591
15.7MB / 81.9kB,3.76%,18e7ac95a5dd,18e7ac95a5dd,2.85%,449.7MiB / 15.41GiB,rover-ros-gateway,0B / 0B,164,2025-08-14T17:16:23.139062
15.7MB / 81.9kB,3.76%,18e7ac95a5dd,18e7ac95a5dd,2.85%,449.7MiB / 15.41GiB,rover-ros-gateway,0B / 0B,164,2025-08-14T17:16:23.139079
15.7MB / 81.9kB,3.76%,18e7ac95a5dd,18e7ac95a5dd,2.85%,449.7MiB / 15.41GiB,rover-ros-gateway,0B / 0B,164,2025-08-14T17:16:23.639868
15.7MB / 81.9kB,3.76%,18e7ac95a5dd,18e7ac95a5dd,2.85%,449.7MiB / 15.41GiB,rover-ros-gateway,0B / 0B,164,2025-08-14T17:16:23.639886
15.7MB / 81.9kB,3.31%,18e7ac95a5dd,18e7ac95a5dd,2.85%,449.7MiB / 15.41GiB,rover-ros-gateway,0B / 0B,164,2025-08-14T17:16:24.139031
15.7MB / 81.9kB,3.31%,18e7ac95a5dd,18e7ac95a5dd,2.85%,449.7MiB / 15.41GiB,rover-ros-gateway,0B / 0B,164,2025-08-14T17:16:24.139048
15.7MB / 81.9kB,3.31%,18e7ac95a5dd,18e7ac95a5dd,2.85%,449.7MiB / 15.41GiB,rover-ros-gateway,0B / 0B,164,2025-08-14T17:16:24.639549
15.7MB / 81.9kB,3.31%,18e7ac95a5dd,18e7ac95a5dd,2.85%,449.7MiB / 15.41GiB,rover-ros-gateway,0B / 0B,164,2025-08-14T17:16:24.639573
15.7MB / 81.9kB,3.37%,18e7ac95a5dd,18e7ac95a5dd,2.85%,449.7MiB / 15.41GiB,rover-ros-gateway,0B / 0B,164,2025-08-14T17:16:25.139020
15.7MB / 81.9kB,3.37%,18e7ac95a5dd,18e7ac95a5dd,2.85%,449.7MiB / 15.41GiB,rover-ros-gateway,0B / 0B,164,2025-08-14T17:16:25.139037
15.7MB / 81.9kB,3.37%,18e7ac95a5dd,18e7ac95a5dd,2.85%,449.7MiB / 15.41GiB,rover-ros-gateway,0B / 0B,164,2025-08-14T17:16:25.639561
15.7MB / 81.9kB,3.37%,18e7ac95a5dd,18e7ac95a5dd,2.85%,449.7MiB / 15.41GiB,rover-ros-gateway,0B / 0B,164,2025-08-14T17:16:25.639579
15.7MB / 81.9kB,3.88%,18e7ac95a5dd,18e7ac95a5dd,2.85%,449.7MiB / 15.41GiB,rover-ros-gateway,0B / 0B,164,2025-08-14T17:16:26.139227
15.7MB / 81.9kB,3.88%,18e7ac95a5dd,18e7ac95a5dd,2.85%,449.7MiB / 15.41GiB,rover-ros-gateway,0B / 0B,164,2025-08-14T17:16:26.139243
15.7MB / 81.9kB,3.88%,18e7ac95a5dd,18e7ac95a5dd,2.85%,449.7MiB / 15.41GiB,rover-ros-gateway,0B / 0B,164,2025-08-14T17:16:26.639660
15.7MB / 81.9kB,3.88%,18e7ac95a5dd,18e7ac95a5dd,2.85%,449.7MiB / 15.41GiB,rover-ros-gateway,0B / 0B,164,2025-08-14T17:16:26.639685
15.7MB / 81.9kB,3.97%,18e7ac95a5dd,18e7ac95a5dd,2.85%,449.7MiB / 15.41GiB,rover-ros-gateway,0B / 0B,164,2025-08-14T17:16:27.139605
15.7MB / 81.9kB,3.97%,18e7ac95a5dd,18e7ac95a5dd,2.85%,449.7MiB / 15.41GiB,rover-ros-gateway,0B / 0B,164,2025-08-14T17:16:27.139627
15.7MB / 81.9kB,3.97%,18e7ac95a5dd,18e7ac95a5dd,2.85%,449.7MiB / 15.41GiB,rover-ros-gateway,0B / 0B,164,2025-08-14T17:16:27.639014
15.7MB / 81.9kB,3.97%,18e7ac95a5dd,18e7ac95a5dd,2.85%,449.7MiB / 15.41GiB,rover-ros-gateway,0B / 0B,164,2025-08-14T17:16:27.639032
15.7MB / 81.9kB,3.43%,18e7ac95a5dd,18e7ac95a5dd,2.85%,449.7MiB / 15.41GiB,rover-ros-gateway,0B / 0B,164,2025-08-14T17:16:28.139034
15.7MB / 81.9kB,3.43%,18e7ac95a5dd,18e7ac95a5dd,2.85%,449.7MiB / 15.41GiB,rover-ros-gateway,0B / 0B,164,2025-08-14T17:16:28.139052
15.7MB / 81.9kB,3.43%,18e7ac95a5dd,18e7ac95a5dd,2.85%,449.7MiB / 15.41GiB,rover-ros-gateway,0B / 0B,164,2025-08-14T17:16:28.639593
15.7MB / 81.9kB,3.43%,18e7ac95a5dd,18e7ac95a5dd,2.85%,449.7MiB / 15.41GiB,rover-ros-gateway,0B / 0B,164,2025-08-14T17:16:28.639612
15.7MB / 81.9kB,3.61%,18e7ac95a5dd,18e7ac95a5dd,2.85%,449.7MiB / 15.41GiB,rover-ros-gateway,0B / 0B,164,2025-08-14T17:16:29.139841
15.7MB / 81.9kB,3.61%,18e7ac95a5dd,18e7ac95a5dd,2.85%,449.7MiB / 15.41GiB,rover-ros-gateway,0B / 0B,164,2025-08-14T17:16:29.139859
15.7MB / 81.9kB,3.61%,18e7ac95a5dd,18e7ac95a5dd,2.85%,449.7MiB / 15.41GiB,rover-ros-gateway,0B / 0B,164,2025-08-14T17:16:29.639595
15.7MB / 81.9kB,3.61%,18e7ac95a5dd,18e7ac95a5dd,2.85%,449.7MiB / 15.41GiB,rover-ros-gateway,0B / 0B,164,2025-08-14T17:16:29.639617
15.7MB / 81.9kB,3.51%,18e7ac95a5dd,18e7ac95a5dd,2.85%,449.7MiB / 15.41GiB,rover-ros-gateway,0B / 0B,164,2025-08-14T17:16:30.139107
15.7MB / 81.9kB,3.51%,18e7ac95a5dd,18e7ac95a5dd,2.85%,449.7MiB / 15.41GiB,rover-ros-gateway,0B / 0B,164,2025-08-14T17:16:30.139125
15.7MB / 81.9kB,3.51%,18e7ac95a5dd,18e7ac95a5dd,2.85%,449.7MiB / 15.41GiB,rover-ros-gateway,0B / 0B,164,2025-08-14T17:16:30.639672
15.7MB / 81.9kB,3.51%,18e7ac95a5dd,18e7ac95a5dd,2.85%,449.7MiB / 15.41GiB,rover-ros-gateway,0B / 0B,164,2025-08-14T17:16:30.639691
15.7MB / 81.9kB,3.40%,18e7ac95a5dd,18e7ac95a5dd,2.85%,449.7MiB / 15.41GiB,rover-ros-gateway,0B / 0B,164,2025-08-14T17:16:31.139535
15.7MB / 81.9kB,3.40%,18e7ac95a5dd,18e7ac95a5dd,2.85%,449.7MiB / 15.41GiB,rover-ros-gateway,0B / 0B,164,2025-08-14T17:16:31.139552
15.7MB / 81.9kB,3.40%,18e7ac95a5dd,18e7ac95a5dd,2.85%,449.7MiB / 15.41GiB,rover-ros-gateway,0B / 0B,164,2025-08-14T17:16:31.639101
15.7MB / 81.9kB,3.40%,18e7ac95a5dd,18e7ac95a5dd,2.85%,449.7MiB / 15.41GiB,rover-ros-gateway,0B / 0B,164,2025-08-14T17:16:31.639119
15.7MB / 81.9kB,4.69%,18e7ac95a5dd,18e7ac95a5dd,2.85%,449.7MiB / 15.41GiB,rover-ros-gateway,0B / 0B,164,2025-08-14T17:16:32.139046
15.7MB / 81.9kB,4.69%,18e7ac95a5dd,18e7ac95a5dd,2.85%,449.7MiB / 15.41GiB,rover-ros-gateway,0B / 0B,164,2025-08-14T17:16:32.139063
15.7MB / 81.9kB,4.69%,18e7ac95a5dd,18e7ac95a5dd,2.85%,449.7MiB / 15.41GiB,rover-ros-gateway,0B / 0B,164,2025-08-14T17:16:32.639701
15.7MB / 81.9kB,4.69%,18e7ac95a5dd,18e7ac95a5dd,2.85%,449.7MiB / 15.41GiB,rover-ros-gateway,0B / 0B,164,2025-08-14T17:16:32.639722
15.7MB / 81.9kB,4.92%,18e7ac95a5dd,18e7ac95a5dd,2.85%,449.7MiB / 15.41GiB,rover-ros-gateway,0B / 0B,164,2025-08-14T17:16:33.139652
15.7MB / 81.9kB,4.92%,18e7ac95a5dd,18e7ac95a5dd,2.85%,449.7MiB / 15.41GiB,rover-ros-gateway,0B / 0B,164,2025-08-14T17:16:33.139669
15.7MB / 81.9kB,4.92%,18e7ac95a5dd,18e7ac95a5dd,2.85%,449.7MiB / 15.41GiB,rover-ros-gateway,0B / 0B,164,2025-08-14T17:16:33.639208
15.7MB / 81.9kB,4.92%,18e7ac95a5dd,18e7ac95a5dd,2.85%,449.7MiB / 15.41GiB,rover-ros-gateway,0B / 0B,164,2025-08-14T17:16:33.639226
15.7MB / 81.9kB,4.28%,18e7ac95a5dd,18e7ac95a5dd,2.85%,449.7MiB / 15.41GiB,rover-ros-gateway,0B / 0B,164,2025-08-14T17:16:34.138916
15.7MB / 81.9kB,4.28%,18e7ac95a5dd,18e7ac95a5dd,2.85%,449.7MiB / 15.41GiB,rover-ros-gateway,0B / 0B,164,2025-08-14T17:16:34.138948
15.7MB / 81.9kB,4.28%,18e7ac95a5dd,18e7ac95a5dd,2.85%,449.7MiB / 15.41GiB,rover-ros-gateway,0B / 0B,164,2025-08-14T17:16:34.639625
15.7MB / 81.9kB,4.28%,18e7ac95a5dd,18e7ac95a5dd,2.85%,449.7MiB / 15.41GiB,rover-ros-gateway,0B / 0B,164,2025-08-14T17:16:34.639644
15.7MB / 81.9kB,4.47%,18e7ac95a5dd,18e7ac95a5dd,2.85%,449.7MiB / 15.41GiB,rover-ros-gateway,0B / 0B,164,2025-08-14T17:16:35.139947
15.7MB / 81.9kB,4.47%,18e7ac95a5dd,18e7ac95a5dd,2.85%,449.7MiB / 15.41GiB,rover-ros-gateway,0B / 0B,164,2025-08-14T17:16:35.139966
15.7MB / 81.9kB,4.47%,18e7ac95a5dd,18e7ac95a5dd,2.85%,449.7MiB / 15.41GiB,rover-ros-gateway,0B / 0B,164,2025-08-14T17:16:35.639604
15.7MB / 81.9kB,4.47%,18e7ac95a5dd,18e7ac95a5dd,2.85%,449.7MiB / 15.41GiB,rover-ros-gateway,0B / 0B,164,2025-08-14T17:16:35.639621
15.7MB / 81.9kB,3.47%,18e7ac95a5dd,18e7ac95a5dd,2.85%,449.7MiB / 15.41GiB,rover-ros-gateway,0B / 0B,164,2025-08-14T17:16:36.139061
15.7MB / 81.9kB,3.47%,18e7ac95a5dd,18e7ac95a5dd,2.85%,449.7MiB / 15.41GiB,rover-ros-gateway,0B / 0B,164,2025-08-14T17:16:36.139082
15.7MB / 81.9kB,3.47%,18e7ac95a5dd,18e7ac95a5dd,2.85%,449.7MiB / 15.41GiB,rover-ros-gateway,0B / 0B,164,2025-08-14T17:16:36.639687
15.7MB / 81.9kB,3.47%,18e7ac95a5dd,18e7ac95a5dd,2.85%,449.7MiB / 15.41GiB,rover-ros-gateway,0B / 0B,164,2025-08-14T17:16:36.639705
15.7MB / 81.9kB,3.09%,18e7ac95a5dd,18e7ac95a5dd,2.85%,449.7MiB / 15.41GiB,rover-ros-gateway,0B / 0B,164,2025-08-14T17:16:37.139129
15.7MB / 81.9kB,3.09%,18e7ac95a5dd,18e7ac95a5dd,2.85%,449.7MiB / 15.41GiB,rover-ros-gateway,0B / 0B,164,2025-08-14T17:16:37.139146
15.7MB / 81.9kB,3.09%,18e7ac95a5dd,18e7ac95a5dd,2.85%,449.7MiB / 15.41GiB,rover-ros-gateway,0B / 0B,164,2025-08-14T17:16:37.639571
15.7MB / 81.9kB,3.09%,18e7ac95a5dd,18e7ac95a5dd,2.85%,449.7MiB / 15.41GiB,rover-ros-gateway,0B / 0B,164,2025-08-14T17:16:37.639594
15.7MB / 81.9kB,4.23%,18e7ac95a5dd,18e7ac95a5dd,2.85%,449.7MiB / 15.41GiB,rover-ros-gateway,0B / 0B,164,2025-08-14T17:16:38.140618
15.7MB / 81.9kB,4.23%,18e7ac95a5dd,18e7ac95a5dd,2.85%,449.7MiB / 15.41GiB,rover-ros-gateway,0B / 0B,164,2025-08-14T17:16:38.140663
15.7MB / 81.9kB,4.23%,18e7ac95a5dd,18e7ac95a5dd,2.85%,449.7MiB / 15.41GiB,rover-ros-gateway,0B / 0B,164,2025-08-14T17:16:38.639092
15.7MB / 81.9kB,4.23%,18e7ac95a5dd,18e7ac95a5dd,2.85%,449.7MiB / 15.41GiB,rover-ros-gateway,0B / 0B,164,2025-08-14T17:16:38.639112
15.7MB / 81.9kB,6.17%,18e7ac95a5dd,18e7ac95a5dd,2.85%,449.7MiB / 15.41GiB,rover-ros-gateway,0B / 0B,164,2025-08-14T17:16:39.139565
15.7MB / 81.9kB,6.17%,18e7ac95a5dd,18e7ac95a5dd,2.85%,449.7MiB / 15.41GiB,rover-ros-gateway,0B / 0B,164,2025-08-14T17:16:39.139584
